-- phpMyAdmin SQL Dump
-- version 3.3.10deb1
-- http://www.phpmyadmin.net
--
-- Host: localhost
-- Generation Time: May 16, 2011 at 02:18 PM
-- Server version: 5.1.54
-- PHP Version: 5.3.5-1ubuntu7.2

SET SQL_MODE="NO_AUTO_VALUE_ON_ZERO";


/*!40101 SET @OLD_CHARACTER_SET_CLIENT=@@CHARACTER_SET_CLIENT */;
/*!40101 SET @OLD_CHARACTER_SET_RESULTS=@@CHARACTER_SET_RESULTS */;
/*!40101 SET @OLD_COLLATION_CONNECTION=@@COLLATION_CONNECTION */;
/*!40101 SET NAMES utf8 */;

--
-- Database: `kaimonokago`
--

-- --------------------------------------------------------

--
-- Table structure for table `be_acl_actions`
--

CREATE TABLE IF NOT EXISTS `be_acl_actions` (
  `id` int(10) unsigned NOT NULL AUTO_INCREMENT,
  `name` varchar(254) COLLATE utf8_unicode_ci NOT NULL,
  PRIMARY KEY (`id`),
  UNIQUE KEY `name` (`name`)
) ENGINE=InnoDB DEFAULT CHARSET=utf8 COLLATE=utf8_unicode_ci AUTO_INCREMENT=1 ;

--
-- Dumping data for table `be_acl_actions`
--


-- --------------------------------------------------------

--
-- Table structure for table `be_acl_groups`
--

CREATE TABLE IF NOT EXISTS `be_acl_groups` (
  `id` int(10) unsigned NOT NULL AUTO_INCREMENT,
  `lft` int(10) unsigned NOT NULL DEFAULT '0',
  `rgt` int(10) unsigned NOT NULL DEFAULT '0',
  `name` varchar(254) COLLATE utf8_unicode_ci NOT NULL,
  `link` int(10) unsigned DEFAULT NULL,
  PRIMARY KEY (`id`),
  UNIQUE KEY `name` (`name`),
  KEY `lft` (`lft`),
  KEY `rgt` (`rgt`)
) ENGINE=InnoDB  DEFAULT CHARSET=utf8 COLLATE=utf8_unicode_ci AUTO_INCREMENT=4 ;

--
-- Dumping data for table `be_acl_groups`
--

INSERT INTO `be_acl_groups` (`id`, `lft`, `rgt`, `name`, `link`) VALUES
(1, 1, 6, 'Member', NULL),
(2, 4, 5, 'Administrator', NULL),
(3, 2, 3, 'demoadmin', 0);

-- --------------------------------------------------------

--
-- Table structure for table `be_acl_permissions`
--

CREATE TABLE IF NOT EXISTS `be_acl_permissions` (
  `id` int(10) unsigned NOT NULL AUTO_INCREMENT,
  `aro_id` int(10) unsigned NOT NULL DEFAULT '0',
  `aco_id` int(10) unsigned NOT NULL DEFAULT '0',
  `allow` char(1) COLLATE utf8_unicode_ci DEFAULT NULL,
  PRIMARY KEY (`id`),
  KEY `aro_id` (`aro_id`),
  KEY `aco_id` (`aco_id`)
) ENGINE=InnoDB  DEFAULT CHARSET=utf8 COLLATE=utf8_unicode_ci AUTO_INCREMENT=15 ;

--
-- Dumping data for table `be_acl_permissions`
--

INSERT INTO `be_acl_permissions` (`id`, `aro_id`, `aco_id`, `allow`) VALUES
(1, 2, 1, 'Y'),
(3, 1, 24, 'Y'),
(4, 1, 27, 'N'),
(5, 1, 6, 'N'),
(6, 1, 3, 'N'),
(7, 1, 12, 'N'),
(8, 3, 24, 'Y'),
(9, 3, 12, 'N'),
(10, 3, 28, 'Y'),
(11, 3, 36, 'Y'),
(12, 3, 1, 'Y'),
(13, 3, 3, 'N'),
(14, 1, 32, 'Y');

-- --------------------------------------------------------

--
-- Table structure for table `be_acl_permission_actions`
--

CREATE TABLE IF NOT EXISTS `be_acl_permission_actions` (
  `id` int(10) unsigned NOT NULL AUTO_INCREMENT,
  `access_id` int(10) unsigned NOT NULL DEFAULT '0',
  `axo_id` int(10) unsigned NOT NULL DEFAULT '0',
  `allow` char(1) COLLATE utf8_unicode_ci DEFAULT NULL,
  PRIMARY KEY (`id`),
  KEY `access_id` (`access_id`),
  KEY `axo_id` (`axo_id`)
) ENGINE=InnoDB DEFAULT CHARSET=utf8 COLLATE=utf8_unicode_ci AUTO_INCREMENT=1 ;

--
-- Dumping data for table `be_acl_permission_actions`
--


-- --------------------------------------------------------

--
-- Table structure for table `be_acl_resources`
--

CREATE TABLE IF NOT EXISTS `be_acl_resources` (
  `id` int(10) unsigned NOT NULL AUTO_INCREMENT,
  `lft` int(10) unsigned NOT NULL DEFAULT '0',
  `rgt` int(10) unsigned NOT NULL DEFAULT '0',
  `name` varchar(254) COLLATE utf8_unicode_ci NOT NULL,
  `link` int(10) unsigned DEFAULT NULL,
  PRIMARY KEY (`id`),
  UNIQUE KEY `name` (`name`),
  KEY `lft` (`lft`),
  KEY `rgt` (`rgt`)
) ENGINE=InnoDB  DEFAULT CHARSET=utf8 COLLATE=utf8_unicode_ci AUTO_INCREMENT=40 ;

--
-- Dumping data for table `be_acl_resources`
--

INSERT INTO `be_acl_resources` (`id`, `lft`, `rgt`, `name`, `link`) VALUES
(1, 1, 76, 'Site', NULL),
(2, 56, 75, 'Control Panel', NULL),
(3, 57, 74, 'System', NULL),
(4, 68, 69, 'Members', NULL),
(5, 58, 67, 'Access Control', NULL),
(6, 70, 71, 'Settings', NULL),
(7, 72, 73, 'Utilities', NULL),
(8, 65, 66, 'Permissions', NULL),
(9, 63, 64, 'Groups', NULL),
(10, 61, 62, 'Resources', NULL),
(11, 59, 60, 'Actions', NULL),
(12, 26, 55, 'General', 0),
(13, 53, 54, 'Calendar', 0),
(14, 51, 52, 'Category', 0),
(15, 49, 50, 'Customers', 0),
(16, 47, 48, 'Menus', 0),
(17, 45, 46, 'Messages', 0),
(18, 43, 44, 'Orders', 0),
(19, 41, 42, 'Pages', 0),
(20, 39, 40, 'Products', 0),
(21, 37, 38, 'Subscribers', 0),
(22, 35, 36, 'Admins', 0),
(23, 33, 34, 'Filemanager', 0),
(24, 18, 25, 'Customer Support', 0),
(25, 23, 24, 'Purchase Support', 0),
(26, 21, 22, 'Customer Record', 0),
(27, 19, 20, 'Customers Admin', 0),
(28, 12, 17, 'Project Panel', 0),
(29, 15, 16, 'Project Spec', 0),
(30, 13, 14, 'Project Home', 0),
(32, 9, 10, 'Customer booking', 0),
(33, 7, 8, 'Bookings', 0),
(34, 3, 4, 'Courses', 0),
(35, 5, 6, 'Trainers', 0),
(36, 2, 11, 'Fitness', 0),
(37, 31, 32, 'Multi languages', 0),
(38, 29, 30, 'Slideshow', 0),
(39, 27, 28, 'Playroom', 0);

-- --------------------------------------------------------

--
-- Table structure for table `be_groups`
--

CREATE TABLE IF NOT EXISTS `be_groups` (
  `id` int(10) unsigned NOT NULL AUTO_INCREMENT,
  `locked` tinyint(1) unsigned NOT NULL DEFAULT '0',
  `disabled` tinyint(1) unsigned NOT NULL DEFAULT '0',
  PRIMARY KEY (`id`)
) ENGINE=InnoDB  DEFAULT CHARSET=utf8 COLLATE=utf8_unicode_ci AUTO_INCREMENT=4 ;

--
-- Dumping data for table `be_groups`
--

INSERT INTO `be_groups` (`id`, `locked`, `disabled`) VALUES
(1, 1, 0),
(2, 1, 0),
(3, 0, 0);

-- --------------------------------------------------------

--
-- Table structure for table `be_preferences`
--

CREATE TABLE IF NOT EXISTS `be_preferences` (
  `name` varchar(254) CHARACTER SET latin1 NOT NULL,
  `value` text CHARACTER SET latin1 NOT NULL,
  KEY `name` (`name`)
) ENGINE=InnoDB DEFAULT CHARSET=utf8 COLLATE=utf8_unicode_ci;

--
-- Dumping data for table `be_preferences`
--

INSERT INTO `be_preferences` (`name`, `value`) VALUES
('default_user_group', '1'),
('smtp_host', ''),
('keep_error_logs_for', '30'),
('email_protocol', 'sendmail'),
('use_registration_captcha', '0'),
('page_debug', '0'),
('automated_from_name', 'Kaimonokago'),
('allow_user_registration', '1'),
('use_login_captcha', '0'),
('site_name', 'Kaimonokago v-1.1.4'),
('automated_from_email', 'admin@gmail.com'),
('account_activation_time', '7'),
('allow_user_profiles', '1'),
('activation_method', 'email'),
('autologin_period', '30'),
('min_password_length', '4'),
('smtp_user', ''),
('smtp_pass', ''),
('email_mailpath', '/usr/bin/msmtp -t'),
('smtp_port', '25'),
('smtp_timeout', '5'),
('email_wordwrap', '1'),
('email_wrapchars', '76'),
('email_mailtype', 'text'),
('email_charset', 'utf-8'),
('bcc_batch_mode', '0'),
('bcc_batch_size', '200'),
('login_field', 'email'),
('main_module_name', 'welcome'),
('categories_parent_id', '1'),
('admin_email', 'admin@gmail.com'),
('webshop_slideshow', 'nivoslider'),
('slideshow_two', 'none'),
('playroom_parent_id', '10'),
('calendar', '1'),
('category', '1'),
('customers', '1'),
('filemanager', '1'),
('languages', '1'),
('menus', '1'),
('messages', '1'),
('orders', '1'),
('pages', '1'),
('products', '1'),
('slideshow', '1'),
('subscribers', '1'),
('multi_language', '1'),
('website_language', 'english');

-- --------------------------------------------------------

--
-- Table structure for table `be_resources`
--

CREATE TABLE IF NOT EXISTS `be_resources` (
  `id` int(10) unsigned NOT NULL AUTO_INCREMENT,
  `locked` tinyint(1) unsigned NOT NULL DEFAULT '0',
  PRIMARY KEY (`id`)
) ENGINE=InnoDB  DEFAULT CHARSET=utf8 COLLATE=utf8_unicode_ci AUTO_INCREMENT=40 ;

--
-- Dumping data for table `be_resources`
--

INSERT INTO `be_resources` (`id`, `locked`) VALUES
(1, 1),
(2, 1),
(3, 1),
(4, 1),
(5, 1),
(6, 1),
(7, 1),
(8, 1),
(9, 1),
(10, 1),
(11, 1),
(12, 0),
(13, 0),
(14, 0),
(15, 0),
(16, 0),
(17, 0),
(18, 0),
(19, 0),
(20, 0),
(21, 0),
(22, 0),
(23, 0),
(24, 0),
(25, 0),
(26, 0),
(27, 0),
(28, 0),
(29, 0),
(30, 0),
(32, 0),
(33, 0),
(34, 0),
(35, 0),
(36, 0),
(37, 0),
(38, 0),
(39, 0);

-- --------------------------------------------------------

--
-- Table structure for table `be_users`
--

CREATE TABLE IF NOT EXISTS `be_users` (
  `id` int(10) unsigned NOT NULL AUTO_INCREMENT,
  `username` varchar(32) COLLATE utf8_unicode_ci NOT NULL,
  `password` varchar(40) COLLATE utf8_unicode_ci NOT NULL,
  `email` varchar(254) COLLATE utf8_unicode_ci NOT NULL,
  `active` tinyint(1) unsigned NOT NULL DEFAULT '0',
  `group` int(10) unsigned DEFAULT NULL,
  `activation_key` varchar(32) COLLATE utf8_unicode_ci DEFAULT NULL,
  `last_visit` datetime DEFAULT NULL,
  `created` datetime NOT NULL,
  `modified` datetime DEFAULT NULL,
  PRIMARY KEY (`id`),
  UNIQUE KEY `username` (`username`),
  UNIQUE KEY `email` (`email`),
  KEY `password` (`password`),
  KEY `group` (`group`)
) ENGINE=InnoDB  DEFAULT CHARSET=utf8 COLLATE=utf8_unicode_ci AUTO_INCREMENT=10 ;

--
-- Dumping data for table `be_users`
--

INSERT INTO `be_users` (`id`, `username`, `password`, `email`, `active`, `group`, `activation_key`, `last_visit`, `created`, `modified`) VALUES
(8, 'admin', '0bf9e5ee95ca4bab95dd6875e2126dc709d7355b', 'admin@gmail.com', 1, 2, 'iZN4cCcRfs9KP1RrAIdqT8p5XzPZtxkH', '2011-05-16 12:01:58', '2011-03-05 21:48:02', '2011-05-15 13:29:33'),
(9, 'admin1', '8feef897fde543ab4cf0e7a9c636231508858b77', 'admin1@adminl.com', 1, 2, NULL, '2011-05-09 08:08:04', '2011-04-04 17:50:59', '2011-05-15 13:29:12');

-- --------------------------------------------------------

--
-- Table structure for table `be_user_profiles`
--

CREATE TABLE IF NOT EXISTS `be_user_profiles` (
  `user_id` int(10) unsigned NOT NULL,
  `company_name` varchar(100) COLLATE utf8_unicode_ci NOT NULL,
  `full_name` varchar(50) COLLATE utf8_unicode_ci NOT NULL,
  `web_address` varchar(100) COLLATE utf8_unicode_ci NOT NULL,
  `phone_number` varchar(50) COLLATE utf8_unicode_ci NOT NULL,
  `address` varchar(50) COLLATE utf8_unicode_ci NOT NULL,
  `city` varchar(30) COLLATE utf8_unicode_ci NOT NULL,
  `post_code` int(10) NOT NULL,
  PRIMARY KEY (`user_id`)
) ENGINE=InnoDB DEFAULT CHARSET=utf8 COLLATE=utf8_unicode_ci;

--
-- Dumping data for table `be_user_profiles`
--

INSERT INTO `be_user_profiles` (`user_id`, `company_name`, `full_name`, `web_address`, `phone_number`, `address`, `city`, `post_code`) VALUES
(8, '', '', '', '', '', '', 0),
(9, '', '', '', '', '', '', 0);

-- --------------------------------------------------------

--
-- Table structure for table `ci_sessions`
--

CREATE TABLE IF NOT EXISTS `ci_sessions` (
  `session_id` varchar(40) CHARACTER SET latin1 NOT NULL DEFAULT '0',
  `ip_address` varchar(16) CHARACTER SET latin1 NOT NULL DEFAULT '0',
  `user_agent` varchar(50) CHARACTER SET latin1 NOT NULL,
  `user_data` text COLLATE utf8_unicode_ci NOT NULL,
  `last_activity` int(10) unsigned NOT NULL DEFAULT '0',
  PRIMARY KEY (`session_id`)
) ENGINE=InnoDB DEFAULT CHARSET=utf8 COLLATE=utf8_unicode_ci;

--
-- Dumping data for table `ci_sessions`
--

INSERT INTO `ci_sessions` (`session_id`, `ip_address`, `user_agent`, `user_data`, `last_activity`) VALUES
('6b7b8e2c8a8dac102575a5a171ae3a75', '0.0.0.0', 'Mozilla/5.0 (X11; Linux x86_64) AppleWebKit/534.24', 'a:1:{s:4:"lang";s:7:"english";}', 1305547559),
('7798d0eae4ba6df70d292c14a3d535b1', '0.0.0.0', 'Mozilla/5.0 (X11; Linux x86_64) AppleWebKit/534.24', 'a:1:{s:4:"lang";s:7:"english";}', 1305548093),
('84c6d5929d24d20f0cda67a18e809d44', '0.0.0.0', 'Mozilla/5.0 (X11; Linux x86_64; rv:2.0.1) Gecko/20', 'a:11:{s:2:"id";s:1:"8";s:8:"username";s:5:"admin";s:5:"email";s:15:"admin@gmail.com";s:8:"password";s:40:"0bf9e5ee95ca4bab95dd6875e2126dc709d7355b";s:6:"active";s:1:"1";s:10:"last_visit";s:19:"2011-05-15 20:53:47";s:7:"created";s:19:"2011-03-05 21:48:02";s:8:"modified";s:19:"2011-05-15 13:29:33";s:5:"group";s:13:"Administrator";s:8:"group_id";s:1:"2";s:4:"lang";s:7:"english";}', 1305548103);

-- --------------------------------------------------------

--
-- Table structure for table `eventcal`
--

CREATE TABLE IF NOT EXISTS `eventcal` (
  `id` int(10) unsigned NOT NULL AUTO_INCREMENT,
  `user` varchar(25) NOT NULL DEFAULT 'anonimous',
  `user_id` int(25) NOT NULL,
  `eventDate` date DEFAULT NULL,
  `eventTitle` varchar(100) DEFAULT NULL,
  `eventContent` text,
  `privacy` enum('public','private') NOT NULL DEFAULT 'public',
  PRIMARY KEY (`id`)
) ENGINE=InnoDB  DEFAULT CHARSET=utf8 AUTO_INCREMENT=9 ;

--
-- Dumping data for table `eventcal`
--

INSERT INTO `eventcal` (`id`, `user`, `user_id`, `eventDate`, `eventTitle`, `eventContent`, `privacy`) VALUES
(2, 'shinokada', 8, '2011-05-17', '17th May', 'Hurray', 'public'),
(8, 'shinokada', 8, '2011-05-18', 'test', 'test', 'public');

-- --------------------------------------------------------

--
-- Table structure for table `omc_category`
--

CREATE TABLE IF NOT EXISTS `omc_category` (
  `id` int(11) unsigned NOT NULL AUTO_INCREMENT,
  `name` varchar(255) COLLATE utf8_unicode_ci NOT NULL,
  `shortdesc` varchar(255) COLLATE utf8_unicode_ci NOT NULL,
  `longdesc` text COLLATE utf8_unicode_ci NOT NULL,
  `status` enum('active','inactive') COLLATE utf8_unicode_ci NOT NULL,
  `order` int(11) unsigned DEFAULT NULL,
  `parentid` int(11) unsigned NOT NULL,
  `lang_id` int(2) unsigned NOT NULL,
  `table_id` int(11) unsigned NOT NULL,
  PRIMARY KEY (`id`)
) ENGINE=InnoDB  DEFAULT CHARSET=utf8 COLLATE=utf8_unicode_ci AUTO_INCREMENT=24 ;

--
-- Dumping data for table `omc_category`
--

INSERT INTO `omc_category` (`id`, `name`, `shortdesc`, `longdesc`, `status`, `order`, `parentid`, `lang_id`, `table_id`) VALUES
(1, 'English category', '', '', 'active', NULL, 0, 0, 1),
(2, 'Books', '', '', 'active', 40, 1, 0, 2),
(5, 'Norsk kategori', '', '', 'active', NULL, 0, 1, 1),
(7, 'Meditation', '<p>Meditation in English</p>', '', 'active', 30, 1, 0, 7),
(9, 'Mountain', '', '', 'active', 10, 1, 0, 9),
(11, 'River', '', '', 'active', 25, 1, 0, 11),
(13, 'Fjell', '<p>Fjell p&aring; Norsk</p>', '', 'active', 10, 5, 1, 9),
(14, 'Elv', '<p>elv p&aring; norsk.</p>', '', 'active', 25, 5, 1, 11),
(15, 'Meditasjon', '<p>Meditation p&aring; Norsk.</p>', '', 'active', 30, 5, 1, 7),
(16, 'Alver', '<p>Alver p&aring; norsk.</p>', '', 'active', 40, 5, 1, 2),
(17, 'Angels', '<p>Angels in english</p>', '', 'active', 35, 1, 0, 17),
(19, 'Engler', '<p>Engler p&aring; norsk.</p>', '', 'active', 35, 5, 1, 17),
(20, 'Magic', '<p>Magic desc.</p>', '', 'active', 55, 1, 0, 20),
(21, 'Magi', '<p>Magi desc.</p>', '<p>long desc. magi</p>', 'active', 55, 5, 1, 20),
(23, 'Ocean', '<p>Ocean desc</p>', '', 'active', 70, 1, 0, 23);

-- --------------------------------------------------------

--
-- Table structure for table `omc_colors`
--

CREATE TABLE IF NOT EXISTS `omc_colors` (
  `id` int(11) NOT NULL AUTO_INCREMENT,
  `name` varchar(32) COLLATE utf8_unicode_ci NOT NULL,
  `status` enum('active','inactive') COLLATE utf8_unicode_ci NOT NULL,
  PRIMARY KEY (`id`)
) ENGINE=InnoDB DEFAULT CHARSET=utf8 COLLATE=utf8_unicode_ci AUTO_INCREMENT=1 ;

--
-- Dumping data for table `omc_colors`
--


-- --------------------------------------------------------

--
-- Table structure for table `omc_customer`
--

CREATE TABLE IF NOT EXISTS `omc_customer` (
  `customer_id` int(10) unsigned NOT NULL AUTO_INCREMENT,
  `password` varchar(50) COLLATE utf8_unicode_ci NOT NULL,
  `customer_first_name` varchar(50) COLLATE utf8_unicode_ci NOT NULL,
  `customer_last_name` varchar(50) COLLATE utf8_unicode_ci NOT NULL,
  `phone_number` int(10) unsigned NOT NULL,
  `email` varchar(50) COLLATE utf8_unicode_ci NOT NULL,
  `address` varchar(50) COLLATE utf8_unicode_ci NOT NULL,
  `city` varchar(50) COLLATE utf8_unicode_ci NOT NULL,
  `post_code` int(10) unsigned NOT NULL,
  PRIMARY KEY (`customer_id`)
) ENGINE=InnoDB  DEFAULT CHARSET=utf8 COLLATE=utf8_unicode_ci AUTO_INCREMENT=10 ;

--
-- Dumping data for table `omc_customer`
--

INSERT INTO `omc_customer` (`customer_id`, `password`, `customer_first_name`, `customer_last_name`, `phone_number`, `email`, `address`, `city`, `post_code`) VALUES
(5, '43814346e21444aa', 'Emile', 'Okada', 22334455, 'emile@gmail.com', 'Maurstien 19B', 'Sandefjord', 3218),
(6, '40bd001563085fc3', 'Ceci', 'Okada', 4455667, 'test@gmail.com', 'Maurstien 19B 3218 ', 'sande', 3221),
(7, 'da39a3ee5e6b4b0d', 'david', 'vel', 4455667, 'david@aktivtrening.no', '', '', 0),
(8, '9a3e61b6bcc8abec', 'david', '', 0, 'david@aktivtrening.no', '', '', 0),
(9, 'd033e22ae348aeb5', 'Ceci', '', 0, 'admin@gmail.com', '', '', 0);

-- --------------------------------------------------------

--
-- Table structure for table `omc_languages`
--

CREATE TABLE IF NOT EXISTS `omc_languages` (
  `id` int(25) NOT NULL AUTO_INCREMENT,
  `langname` text COLLATE utf8_unicode_ci NOT NULL,
  `status` enum('active','inactive') COLLATE utf8_unicode_ci NOT NULL,
  PRIMARY KEY (`id`)
) ENGINE=InnoDB  DEFAULT CHARSET=utf8 COLLATE=utf8_unicode_ci AUTO_INCREMENT=4 ;

--
-- Dumping data for table `omc_languages`
--

INSERT INTO `omc_languages` (`id`, `langname`, `status`) VALUES
(1, 'norwegian', 'active');

-- --------------------------------------------------------

--
-- Table structure for table `omc_menus`
--

CREATE TABLE IF NOT EXISTS `omc_menus` (
  `id` int(11) unsigned NOT NULL AUTO_INCREMENT,
  `name` varchar(255) COLLATE utf8_unicode_ci NOT NULL,
  `shortdesc` varchar(255) COLLATE utf8_unicode_ci NOT NULL,
  `status` enum('active','inactive') COLLATE utf8_unicode_ci NOT NULL,
  `parentid` int(11) unsigned NOT NULL,
  `order` int(11) unsigned DEFAULT NULL,
  `lang_id` int(2) unsigned NOT NULL,
  `page_uri_id` int(11) unsigned NOT NULL,
  `menu_id` int(11) unsigned NOT NULL,
  PRIMARY KEY (`id`)
) ENGINE=InnoDB  DEFAULT CHARSET=utf8 COLLATE=utf8_unicode_ci AUTO_INCREMENT=15 ;

--
-- Dumping data for table `omc_menus`
--

INSERT INTO `omc_menus` (`id`, `name`, `shortdesc`, `status`, `parentid`, `order`, `lang_id`, `page_uri_id`, `menu_id`) VALUES
(1, 'English menu', '', 'active', 0, 0, 0, 0, 0),
(2, 'Home', '', 'active', 1, 10, 0, 1, 0),
(5, 'Norwegain menu', '', 'active', 0, 0, 1, 0, 1),
(6, 'Nettbutikk', '', 'active', 5, 10, 1, 6, 2),
(8, 'Contact', '', 'active', 1, 30, 0, 7, 0),
(9, 'Kontakt oss', '', 'active', 5, 30, 1, 8, 8),
(10, 'About Us', '', 'active', 1, 40, 0, 3, 0),
(11, 'Om Oss', '', 'active', 5, 40, 1, 4, 10),
(12, 'Service', '', 'active', 1, 60, 0, 17, 0),
(14, 'Tjenester', '', 'active', 5, 60, 1, 18, 12);

-- --------------------------------------------------------

--
-- Table structure for table `omc_messages`
--

CREATE TABLE IF NOT EXISTS `omc_messages` (
  `msg_id` int(11) NOT NULL AUTO_INCREMENT,
  `msg` text COLLATE utf8_unicode_ci,
  PRIMARY KEY (`msg_id`)
) ENGINE=InnoDB DEFAULT CHARSET=utf8 COLLATE=utf8_unicode_ci AUTO_INCREMENT=1 ;

--
-- Dumping data for table `omc_messages`
--


-- --------------------------------------------------------

--
-- Table structure for table `omc_order`
--

CREATE TABLE IF NOT EXISTS `omc_order` (
  `order_id` int(10) unsigned NOT NULL AUTO_INCREMENT,
  `customer_id` int(10) unsigned NOT NULL,
  `total` decimal(10,2) NOT NULL,
  `order_date` datetime NOT NULL,
  `delivery_date` datetime NOT NULL,
  `payment_date` datetime NOT NULL,
  PRIMARY KEY (`order_id`)
) ENGINE=InnoDB DEFAULT CHARSET=utf8 COLLATE=utf8_unicode_ci AUTO_INCREMENT=1 ;

--
-- Dumping data for table `omc_order`
--


-- --------------------------------------------------------

--
-- Table structure for table `omc_order_item`
--

CREATE TABLE IF NOT EXISTS `omc_order_item` (
  `order_item_id` int(10) unsigned NOT NULL AUTO_INCREMENT,
  `order_id` int(10) unsigned NOT NULL,
  `product_id` int(10) unsigned NOT NULL,
  `quantity` int(10) unsigned NOT NULL,
  `price` decimal(10,2) NOT NULL,
  PRIMARY KEY (`order_item_id`)
) ENGINE=InnoDB DEFAULT CHARSET=utf8 COLLATE=utf8_unicode_ci AUTO_INCREMENT=1 ;

--
-- Dumping data for table `omc_order_item`
--


-- --------------------------------------------------------

--
-- Table structure for table `omc_pages`
--

CREATE TABLE IF NOT EXISTS `omc_pages` (
  `id` int(11) unsigned NOT NULL AUTO_INCREMENT,
  `name` varchar(255) COLLATE utf8_unicode_ci NOT NULL DEFAULT '',
  `keywords` varchar(255) COLLATE utf8_unicode_ci NOT NULL DEFAULT '',
  `description` varchar(255) COLLATE utf8_unicode_ci NOT NULL DEFAULT '',
  `path` varchar(255) COLLATE utf8_unicode_ci NOT NULL DEFAULT '',
  `content` text COLLATE utf8_unicode_ci NOT NULL,
  `status` enum('active','inactive') COLLATE utf8_unicode_ci NOT NULL DEFAULT 'active',
  `lang_id` int(2) unsigned NOT NULL,
  PRIMARY KEY (`id`)
) ENGINE=InnoDB  DEFAULT CHARSET=utf8 COLLATE=utf8_unicode_ci AUTO_INCREMENT=22 ;

--
-- Dumping data for table `omc_pages`
--

INSERT INTO `omc_pages` (`id`, `name`, `keywords`, `description`, `path`, `content`, `status`, `lang_id`) VALUES
(1, 'Home', '', '', 'welcome', '<p>Content for home page. Tempor! Parturient ac sit! Aliquam dapibus, ut eros sit ac augue eu pulvinar adipiscing vel scelerisque, magnis aliquet dis diam sociis! Proin sit facilisis et et, integer, in, diam integer sit ridiculus dapibus rhoncus odio ultricies platea magnis tincidunt nec urna adipiscing, aliquet, adipiscing? Natoque? Aliquet ut, platea lacus in! Tempor hac placerat magna massa dignissim egestas turpis nec sed! Elementum in. Etiam magnis dictumst? Pulvinar mid facilisis mid enim. Dis odio enim nec. Odio in vel? Parturient vel eros! In, etiam etiam vel, pulvinar tortor, diam etiam tristique urna, porttitor habitasse, tincidunt aliquet tristique in tristique nunc mid in, rhoncus ac lacus placerat, nec urna in dis, urna et rhoncus lectus? Rhoncus nisi auctor arcu scelerisque, nec ut scelerisque.<br /><br /></p>', 'active', 0),
(3, 'About', '', '', 'about', '<p>About us.</p>\n<p>Tempor! Parturient ac sit! Aliquam dapibus, ut eros sit ac augue eu pulvinar adipiscing vel scelerisque, magnis aliquet dis diam sociis! Proin sit facilisis et et, integer, in, diam integer sit ridiculus dapibus rhoncus odio ultricies platea magnis tincidunt nec urna adipiscing, aliquet, adipiscing? Natoque?</p>\n<p>Aliquet ut, platea lacus in! Tempor hac placerat magna massa dignissim egestas turpis nec sed! Elementum in. Etiam magnis dictumst? Pulvinar mid facilisis mid enim. Dis odio enim nec. Odio in vel? Parturient vel eros! In, etiam etiam vel, pulvinar tortor, diam etiam tristique urna, porttitor habitasse, tincidunt aliquet tristique in tristique nunc mid in, rhoncus ac lacus placerat, nec urna in dis, urna et rhoncus lectus? Rhoncus nisi auctor arcu scelerisque, nec ut scelerisque.<br /><br /></p>', 'active', 0),
(4, 'Om oss', '', '', 'about', '<p>Om oss. About us in Norwegian.</p>\n<p>Tempor! Parturient ac sit! Aliquam dapibus, ut eros sit ac augue eu pulvinar adipiscing vel scelerisque, magnis aliquet dis diam sociis! Proin sit facilisis et et, integer, in, diam integer sit ridiculus dapibus rhoncus odio ultricies platea magnis tincidunt nec urna adipiscing, aliquet, adipiscing? Natoque?</p>\n<p>Aliquet ut, platea lacus in! Tempor hac placerat magna massa dignissim egestas turpis nec sed! Elementum in. Etiam magnis dictumst? Pulvinar mid facilisis mid enim. Dis odio enim nec. Odio in vel? Parturient vel eros! In, etiam etiam vel, pulvinar tortor, diam etiam tristique urna, porttitor habitasse, tincidunt aliquet tristique in tristique nunc mid in, rhoncus ac lacus placerat, nec urna in dis, urna et rhoncus lectus? Rhoncus nisi auctor arcu scelerisque, nec ut scelerisque.<br /><br /></p>', 'active', 1),
(6, 'Forsiden', '', '', 'welcome', '<p>Forsiden p&aring; norsk</p>', 'active', 1),
(7, 'Contact', '', '', 'contact_us', '', 'active', 0),
(8, 'Kontakt oss', '', '', 'contact_us', '<p>Kontakt oss</p>', 'active', 1),
(17, 'Service', '', '', 'service', '<p>service content</p>\n<p>Tempor! Parturient ac sit! Aliquam dapibus, ut eros sit ac augue eu pulvinar adipiscing vel scelerisque, magnis aliquet dis diam sociis! Proin sit facilisis et et, integer, in, diam integer sit ridiculus dapibus rhoncus odio ultricies platea magnis tincidunt nec urna adipiscing, aliquet, adipiscing? Natoque?</p>\n<p>Aliquet ut, platea lacus in! Tempor hac placerat magna massa dignissim egestas turpis nec sed! Elementum in. Etiam magnis dictumst? Pulvinar mid facilisis mid enim. Dis odio enim nec. Odio in vel? Parturient vel eros! In, etiam etiam vel, pulvinar tortor, diam etiam tristique urna, porttitor habitasse, tincidunt aliquet tristique in tristique nunc mid in, rhoncus ac lacus placerat, nec urna in dis, urna et rhoncus lectus? Rhoncus nisi auctor arcu scelerisque, nec ut scelerisque.<br /><br /></p>', 'active', 0),
(18, 'Tjenest', '', '', 'service', '<p>Tjenest content</p>\n<p>Tempor! Parturient ac sit! Aliquam dapibus, ut eros sit ac augue eu pulvinar adipiscing vel scelerisque, magnis aliquet dis diam sociis! Proin sit facilisis et et, integer, in, diam integer sit ridiculus dapibus rhoncus odio ultricies platea magnis tincidunt nec urna adipiscing, aliquet, adipiscing? Natoque?</p>\n<p>Aliquet ut, platea lacus in! Tempor hac placerat magna massa dignissim egestas turpis nec sed! Elementum in. Etiam magnis dictumst? Pulvinar mid facilisis mid enim. Dis odio enim nec. Odio in vel? Parturient vel eros! In, etiam etiam vel, pulvinar tortor, diam etiam tristique urna, porttitor habitasse, tincidunt aliquet tristique in tristique nunc mid in, rhoncus ac lacus placerat, nec urna in dis, urna et rhoncus lectus? Rhoncus nisi auctor arcu scelerisque, nec ut scelerisque.<br /><br /></p>', 'active', 1),
(20, 'Shopping guide', '', '', 'guide', '<p>Shopping guide content.</p>\n<p>Tempor! Parturient ac sit! Aliquam dapibus, ut eros sit ac augue eu pulvinar adipiscing vel scelerisque, magnis aliquet dis diam sociis! Proin sit facilisis et et, integer, in, diam integer sit ridiculus dapibus rhoncus odio ultricies platea magnis tincidunt nec urna adipiscing, aliquet, adipiscing?</p>\n<p>Natoque? Aliquet ut, platea lacus in! Tempor hac placerat magna massa dignissim egestas turpis nec sed! Elementum in. Etiam magnis dictumst? Pulvinar mid facilisis mid enim. Dis odio enim nec. Odio in vel? Parturient vel eros! In, etiam etiam vel, pulvinar tortor, diam etiam tristique urna, porttitor habitasse, tincidunt aliquet tristique in tristique nunc mid in, rhoncus ac lacus placerat, nec urna in dis, urna et rhoncus lectus? Rhoncus nisi auctor arcu scelerisque, nec ut scelerisque.<br /><br /></p>', 'active', 0),
(21, 'Handleguide', '', '', 'guide', '<p>Shopping guide in Norwegian.</p>\n<p>Tempor! Parturient ac sit! Aliquam dapibus, ut eros sit ac augue eu pulvinar adipiscing vel scelerisque, magnis aliquet dis diam sociis! Proin sit facilisis et et, integer, in, diam integer sit ridiculus dapibus rhoncus odio ultricies platea magnis tincidunt nec urna adipiscing, aliquet, adipiscing? Natoque?</p>\n<p>Aliquet ut, platea lacus in! Tempor hac placerat magna massa dignissim egestas turpis nec sed! Elementum in. Etiam magnis dictumst? Pulvinar mid facilisis mid enim. Dis odio enim nec. Odio in vel? Parturient vel eros! In, etiam etiam vel, pulvinar tortor, diam etiam tristique urna, porttitor habitasse, tincidunt aliquet tristique in tristique nunc mid in, rhoncus ac lacus placerat, nec urna in dis, urna et rhoncus lectus? Rhoncus nisi auctor arcu scelerisque, nec ut scelerisque.</p>', 'active', 1);

-- --------------------------------------------------------

--
-- Table structure for table `omc_playroom`
--

CREATE TABLE IF NOT EXISTS `omc_playroom` (
  `id` int(11) unsigned NOT NULL AUTO_INCREMENT,
  `name` varchar(255) COLLATE utf8_unicode_ci NOT NULL,
  `shortdesc` varchar(255) COLLATE utf8_unicode_ci NOT NULL,
  `longdesc` text COLLATE utf8_unicode_ci NOT NULL,
  `image` varchar(255) COLLATE utf8_unicode_ci NOT NULL,
  `status` enum('active','inactive') COLLATE utf8_unicode_ci NOT NULL,
  `parentid` int(11) unsigned NOT NULL,
  `lang_id` int(2) unsigned NOT NULL,
  `table_id` int(11) unsigned NOT NULL,
  PRIMARY KEY (`id`)
) ENGINE=InnoDB  DEFAULT CHARSET=utf8 COLLATE=utf8_unicode_ci AUTO_INCREMENT=17 ;

--
-- Dumping data for table `omc_playroom`
--

INSERT INTO `omc_playroom` (`id`, `name`, `shortdesc`, `longdesc`, `image`, `status`, `parentid`, `lang_id`, `table_id`) VALUES
(10, 'Playroom root', '<p>English playroom root</p>', '', '', 'active', 0, 0, 10),
(11, 'Puzzles', '<p>Puzzles in English</p>', '', '<img src="assets/images/puzzles/puzzle_kitty_200.jpg" alt="" width="200" height="150" />', 'active', 10, 0, 11),
(12, 'Jigsaw', '<p>Jigsaw in English</p>', '', '', 'active', 10, 0, 12),
(13, 'Lekerom root', '<p>Norsk</p>', '', '', 'active', 0, 1, 10),
(15, 'Jigsaw', '', '', '', 'active', 13, 1, 12),
(16, 'Oppgave', '', '', '<p><img src="../../../../assets/images/puzzles/puzzle_kitty_200.jpg" alt="" width="200" height="150" /></p>', 'active', 13, 1, 11);

-- --------------------------------------------------------

--
-- Table structure for table `omc_products`
--

CREATE TABLE IF NOT EXISTS `omc_products` (
  `id` int(11) unsigned NOT NULL AUTO_INCREMENT,
  `name` varchar(255) COLLATE utf8_unicode_ci NOT NULL,
  `shortdesc` varchar(255) COLLATE utf8_unicode_ci NOT NULL,
  `longdesc` text COLLATE utf8_unicode_ci NOT NULL,
  `thumbnail` varchar(255) COLLATE utf8_unicode_ci NOT NULL,
  `image` varchar(255) COLLATE utf8_unicode_ci NOT NULL,
  `product_order` int(11) unsigned DEFAULT NULL,
  `class` varchar(255) COLLATE utf8_unicode_ci DEFAULT NULL,
  `grouping` varchar(16) COLLATE utf8_unicode_ci DEFAULT NULL,
  `status` enum('active','inactive') COLLATE utf8_unicode_ci NOT NULL,
  `category_id` int(11) unsigned NOT NULL,
  `featured` enum('none','front','webshop') COLLATE utf8_unicode_ci NOT NULL,
  `other_feature` enum('none','most sold','new product') COLLATE utf8_unicode_ci NOT NULL,
  `price` float(7,2) NOT NULL,
  `lang_id` int(2) unsigned NOT NULL,
  `table_id` int(11) unsigned NOT NULL,
  PRIMARY KEY (`id`)
) ENGINE=InnoDB  DEFAULT CHARSET=utf8 COLLATE=utf8_unicode_ci AUTO_INCREMENT=17 ;

--
-- Dumping data for table `omc_products`
--

INSERT INTO `omc_products` (`id`, `name`, `shortdesc`, `longdesc`, `thumbnail`, `image`, `product_order`, `class`, `grouping`, `status`, `category_id`, `featured`, `other_feature`, `price`, `lang_id`, `table_id`) VALUES
(1, 'Fairy', '<p>short desc of fairy</p>', '<p>Tempor! Parturient ac sit! Aliquam dapibus, ut eros sit ac augue eu pulvinar adipiscing vel scelerisque, magnis aliquet dis diam sociis! Proin sit facilisis et et, integer, in, diam integer sit ridiculus dapibus rhoncus odio ultricies platea magnis tincidunt nec urna adipiscing, aliquet, adipiscing?</p>\n<p>Natoque? Aliquet ut, platea lacus in! Tempor hac placerat magna massa dignissim egestas turpis nec sed! Elementum in. Etiam magnis dictumst? Pulvinar mid facilisis mid enim.</p>\n<p>Dis odio enim nec. Odio in vel? Parturient vel eros! In, etiam etiam vel, pulvinar tortor, diam etiam tristique urna, porttitor habitasse, tincidunt aliquet tristique in tristique nunc mid in, rhoncus ac lacus placerat, nec urna in dis, urna et rhoncus lectus? Rhoncus nisi auctor arcu scelerisque, nec ut scelerisque.</p>', '<p><img src="../../../../assets/images/cd/thumbnails/114x207_11.jpg" alt="" width="114" height="207" /></p>', '<p><img src="../../../../assets/images/cd/242x440_11.jpg" alt="" width="242" height="440" /></p>', 0, '', '', 'active', 2, 'webshop', 'most sold', 200.00, 0, 1),
(2, 'Elv', '', '<p>Tempor! Parturient ac sit! Aliquam dapibus, ut eros sit ac augue eu pulvinar adipiscing vel scelerisque, magnis aliquet dis diam sociis! Proin sit facilisis et et, integer, in, diam integer sit ridiculus dapibus rhoncus odio ultricies platea magnis tincidunt nec urna adipiscing, aliquet, adipiscing? Natoque?</p>\n<p>Aliquet ut, platea lacus in! Tempor hac placerat magna massa dignissim egestas turpis nec sed! Elementum in. Etiam magnis dictumst? Pulvinar mid facilisis mid enim. Dis odio enim nec.</p>\n<p>Odio in vel? Parturient vel eros! In, etiam etiam vel, pulvinar tortor, diam etiam tristique urna, porttitor habitasse, tincidunt aliquet tristique in tristique nunc mid in, rhoncus ac lacus placerat, nec urna in dis, urna et rhoncus lectus? Rhoncus nisi auctor arcu scelerisque, nec ut scelerisque.</p>', '<p><img src="../../../../assets/images/cd/thumbnails/114x207_11.jpg" alt="" width="114" height="207" /></p>', '<p><img src="../../../../assets/images/cd/242x440_11.jpg" alt="" width="242" height="440" /></p>', 0, '', '', 'active', 16, 'webshop', 'most sold', 40.00, 1, 1),
(3, 'Meditation', 'meditation ', '', '<p><img src="../../../../assets/images/books/thumbnails/114x207_6.jpg" alt="" width="114" height="207" /></p>', '<p><img src="../../../../assets/images/books/242x440_6.jpg" alt="" width="242" height="440" /></p>', 0, '', '', 'active', 7, 'webshop', 'most sold', 400.00, 0, 3),
(4, 'Meditation en', '<p>medtation en</p>', '', '<p><img src="../../../../assets/images/books/thumbnails/114x207_6.jpg" alt="" width="114" height="207" /></p>', '<p><img src="../../../../assets/images/books/242x440_6.jpg" alt="" width="242" height="440" /></p>', 0, '', '', 'active', 15, 'webshop', 'most sold', 700.00, 1, 3),
(5, 'Kawa', '', '<p>Tempor! Parturient ac sit! Aliquam dapibus, ut eros sit ac augue eu pulvinar adipiscing vel scelerisque, magnis aliquet dis diam sociis! Proin sit facilisis et et, integer, in, diam integer sit ridiculus dapibus rhoncus odio ultricies platea magnis tincidunt nec urna adipiscing, aliquet, adipiscing?</p>\n<p>Natoque? Aliquet ut, platea lacus in! Tempor hac placerat magna massa dignissim egestas turpis nec sed! Elementum in. Etiam magnis dictumst? Pulvinar mid facilisis mid enim.</p>\n<p>Dis odio enim nec. Odio in vel? Parturient vel eros! In, etiam etiam vel, pulvinar tortor, diam etiam tristique urna, porttitor habitasse, tincidunt aliquet tristique in tristique nunc mid in, rhoncus ac lacus placerat, nec urna in dis, urna et rhoncus lectus? Rhoncus nisi auctor arcu scelerisque, nec ut scelerisque.</p>', '<p><img src="../../../../assets/images/cd/thumbnails/114x207_12.jpg" alt="" width="114" height="207" /></p>', '<p><img src="../../../../assets/images/cd/242x440_12.jpg" alt="" width="242" height="440" /></p>', 0, '', '', 'active', 11, 'webshop', 'new product', 30.00, 0, 5),
(8, 'Kawakawa', '', '', '<p><img src="../../../../assets/images/cd/thumbnails/114x207_12.jpg" alt="" width="114" height="207" /></p>', '<p><img src="../../../../assets/images/cd/242x440_12.jpg" alt="" width="242" height="440" /></p>', 0, '', '', 'active', 14, 'webshop', 'most sold', 340.00, 1, 5),
(9, 'Blue angels', '', '<p>Tempor! Parturient ac sit! Aliquam dapibus, ut eros sit ac augue eu pulvinar adipiscing vel scelerisque, magnis aliquet dis diam sociis! Proin sit facilisis et et, integer, in, diam integer sit ridiculus dapibus rhoncus odio ultricies platea magnis tincidunt nec urna adipiscing, aliquet, adipiscing?</p>', '<p><img src="../../../assets/images/books/thumbnails/114x207_6.jpg" alt="" width="114" height="207" /></p>', '<p><img src="../../../assets/images/books/242x440_6.jpg" alt="" width="242" height="440" /></p>', 0, '', '', 'active', 17, 'webshop', 'most sold', 0.00, 0, 9),
(10, 'Blå engler', '', '<p>Tempor! Parturient ac sit! Aliquam dapibus, ut eros sit ac augue eu pulvinar adipiscing vel scelerisque, magnis aliquet dis diam sociis! Proin sit facilisis et et, integer, in, diam integer sit ridiculus dapibus rhoncus odio ultricies platea magnis tincidunt nec urna adipiscing, aliquet, adipiscing?</p>', '<p><img src="../../../assets/images/books/thumbnails/114x207_6.jpg" alt="" width="114" height="207" /></p>', '<p><img src="../../../assets/images/books/242x440_6.jpg" alt="" width="242" height="440" /></p>', 0, '', '', 'active', 19, 'webshop', 'most sold', 340.00, 1, 9),
(11, 'Hello everyone', '', '<p>Tempor! Parturient ac sit! Aliquam dapibus, ut eros sit ac augue eu pulvinar adipiscing vel scelerisque, magnis aliquet dis diam sociis! Proin sit facilisis et et, integer, in, diam integer sit ridiculus dapibus rhoncus odio ultricies platea magnis tincidunt nec urna adipiscing, aliquet, adipiscing?</p>', '<p><img src="../../../assets/images/books/thumbnails/114x207_13.jpg" alt="" width="114" height="207" /></p>', '<p><img src="../../../assets/images/books/242x440_13.jpg" alt="" width="242" height="440" /></p>', 50, '', '', 'active', 7, 'webshop', 'most sold', 40.00, 0, 11),
(12, 'Hi på deg', '', '<p>Tempor! Parturient ac sit! Aliquam dapibus, ut eros sit ac augue eu pulvinar adipiscing vel scelerisque, magnis aliquet dis diam sociis! Proin sit facilisis et et, integer, in, diam integer sit ridiculus dapibus rhoncus odio ultricies platea magnis tincidunt nec urna adipiscing, aliquet, adipiscing?</p>', '<p><img src="../../../assets/images/books/thumbnails/114x207_13.jpg" alt="" width="114" height="207" /></p>', '<p><img src="../../../assets/images/books/242x440_13.jpg" alt="" width="242" height="440" /></p>', 50, '', '', 'active', 15, 'webshop', 'most sold', 340.00, 1, 11),
(13, 'Mt Fuji', '', '', '<p><img src="../../../../assets/images/books/thumbnails/114x207_14.jpg" alt="" width="114" height="207" /></p>', '<p><img src="../../../../assets/images/books/242x440_14.jpg" alt="" width="242" height="440" /></p>', 60, '', '', 'active', 9, 'webshop', 'none', 50.00, 0, 13),
(14, 'Mt Fuji', '', '<p>Tempor! Parturient ac sit! Aliquam dapibus, ut eros sit ac augue eu pulvinar adipiscing vel scelerisque, magnis aliquet dis diam sociis! Proin sit facilisis et et, integer, in, diam integer sit ridiculus dapibus rhoncus odio ultricies platea magnis tincidunt nec urna adipiscing.</p>', '<p><img src="../../../../assets/images/books/thumbnails/114x207_14.jpg" alt="" width="114" height="207" /></p>', '<p><img src="../../../../assets/images/books/242x440_14.jpg" alt="" width="242" height="440" /></p>', 60, '', '', 'active', 13, 'webshop', 'none', 230.00, 1, 13),
(15, 'Go Harry', '', '<p>Tempor! Parturient ac sit! Aliquam dapibus, ut eros sit ac augue eu pulvinar adipiscing vel scelerisque, magnis aliquet dis diam sociis! Proin sit facilisis et et, integer, in, diam integer sit ridiculus dapibus rhoncus odio ultricies platea magnis tincidunt nec urna adipiscing, aliquet,</p>', '<p><img src="../../../assets/images/cd/thumbnails/114x207_11.jpg" alt="" width="114" height="207" /></p>', '<p><img src="../../../assets/images/cd/242x440_11.jpg" alt="" width="242" height="440" /></p>', 80, '', '', 'active', 20, 'webshop', 'most sold', 50.00, 0, 15),
(16, 'Gå Harry', '', '<p>Tempor! Parturient ac sit! Aliquam dapibus, ut eros sit ac augue eu pulvinar adipiscing vel scelerisque, magnis aliquet dis diam sociis! Proin sit facilisis et et, integer, in, diam integer sit ridiculus dapibus rhoncus odio ultricies platea magnis tincidunt nec urna adipiscing, aliquet,</p>', '<p><img src="../../../assets/images/cd/thumbnails/114x207_11.jpg" alt="" width="114" height="207" /></p>', '<p><img src="../../../assets/images/cd/242x440_11.jpg" alt="" width="242" height="440" /></p>', 80, '', '', 'active', 21, 'webshop', 'most sold', 220.00, 1, 15);

-- --------------------------------------------------------

--
-- Table structure for table `omc_product_colors`
--

CREATE TABLE IF NOT EXISTS `omc_product_colors` (
  `product_id` int(11) NOT NULL,
  `color_id` int(11) NOT NULL,
  PRIMARY KEY (`product_id`,`color_id`)
) ENGINE=InnoDB DEFAULT CHARSET=utf8 COLLATE=utf8_unicode_ci;

--
-- Dumping data for table `omc_product_colors`
--


-- --------------------------------------------------------

--
-- Table structure for table `omc_product_sizes`
--

CREATE TABLE IF NOT EXISTS `omc_product_sizes` (
  `product_id` int(11) NOT NULL,
  `size_id` int(11) NOT NULL,
  PRIMARY KEY (`product_id`,`size_id`)
) ENGINE=InnoDB DEFAULT CHARSET=utf8 COLLATE=utf8_unicode_ci;

--
-- Dumping data for table `omc_product_sizes`
--


-- --------------------------------------------------------

--
-- Table structure for table `omc_sizes`
--

CREATE TABLE IF NOT EXISTS `omc_sizes` (
  `id` int(11) NOT NULL AUTO_INCREMENT,
  `name` varchar(32) COLLATE utf8_unicode_ci NOT NULL,
  `status` enum('active','inactive') COLLATE utf8_unicode_ci NOT NULL,
  PRIMARY KEY (`id`)
) ENGINE=InnoDB DEFAULT CHARSET=utf8 COLLATE=utf8_unicode_ci AUTO_INCREMENT=1 ;

--
-- Dumping data for table `omc_sizes`
--


-- --------------------------------------------------------

--
-- Table structure for table `omc_slideshow`
--

CREATE TABLE IF NOT EXISTS `omc_slideshow` (
  `id` int(11) unsigned NOT NULL AUTO_INCREMENT,
  `name` varchar(255) COLLATE utf8_unicode_ci NOT NULL,
  `shortdesc` varchar(255) COLLATE utf8_unicode_ci NOT NULL,
  `longdesc` text COLLATE utf8_unicode_ci NOT NULL,
  `thumbnail` varchar(255) COLLATE utf8_unicode_ci NOT NULL,
  `image` varchar(255) COLLATE utf8_unicode_ci NOT NULL,
  `slide_order` int(11) unsigned DEFAULT NULL,
  `status` enum('active','inactive') COLLATE utf8_unicode_ci NOT NULL,
  `featured` enum('none','front','webshop') COLLATE utf8_unicode_ci NOT NULL,
  PRIMARY KEY (`id`)
) ENGINE=InnoDB  DEFAULT CHARSET=utf8 COLLATE=utf8_unicode_ci AUTO_INCREMENT=7 ;

--
-- Dumping data for table `omc_slideshow`
--

INSERT INTO `omc_slideshow` (`id`, `name`, `shortdesc`, `longdesc`, `thumbnail`, `image`, `slide_order`, `status`, `featured`) VALUES
(1, 'slide1', '<p>slide 1</p>', '', '', '<p><img src="../../../../assets/images/frontpage/big_tree.jpg" alt="" width="516" height="200" /></p>', 10, 'active', 'none'),
(2, 'slide2', '<p>slide2 desc</p>', '', '', '<p><img src="../../../../assets/images/frontpage/buil.jpg" alt="" width="516" height="200" /></p>', 20, 'active', 'none'),
(6, 'slide3', '', '', '', '<p><img src="../../../../assets/images/frontpage/station.jpg" alt="" width="516" height="200" /></p>', 30, 'active', 'none');

-- --------------------------------------------------------

--
-- Table structure for table `omc_subscribers`
--

CREATE TABLE IF NOT EXISTS `omc_subscribers` (
  `id` int(11) NOT NULL AUTO_INCREMENT,
  `name` varchar(255) COLLATE utf8_unicode_ci NOT NULL,
  `email` varchar(255) COLLATE utf8_unicode_ci NOT NULL,
  PRIMARY KEY (`id`)
) ENGINE=InnoDB DEFAULT CHARSET=utf8 COLLATE=utf8_unicode_ci AUTO_INCREMENT=1 ;

--
-- Dumping data for table `omc_subscribers`
--


-- --------------------------------------------------------

--
-- Table structure for table `shoutbox`
--

CREATE TABLE IF NOT EXISTS `shoutbox` (
  `id` int(5) NOT NULL AUTO_INCREMENT,
  `date` timestamp NOT NULL DEFAULT CURRENT_TIMESTAMP,
  `user` varchar(25) COLLATE utf8_unicode_ci NOT NULL DEFAULT 'anonimous',
  `user_id` int(25) NOT NULL,
  `message` varchar(255) COLLATE utf8_unicode_ci NOT NULL DEFAULT '',
  `status` enum('to do','completed') COLLATE utf8_unicode_ci NOT NULL DEFAULT 'to do',
  `privacy` enum('public','private') COLLATE utf8_unicode_ci NOT NULL DEFAULT 'public',
  PRIMARY KEY (`id`)
) ENGINE=InnoDB DEFAULT CHARSET=utf8 COLLATE=utf8_unicode_ci AUTO_INCREMENT=1 ;

--
-- Dumping data for table `shoutbox`
--


--
-- Constraints for dumped tables
--

--
-- Constraints for table `be_acl_permissions`
--
ALTER TABLE `be_acl_permissions`
  ADD CONSTRAINT `be_acl_permissions_ibfk_1` FOREIGN KEY (`aro_id`) REFERENCES `be_acl_groups` (`id`) ON DELETE CASCADE,
  ADD CONSTRAINT `be_acl_permissions_ibfk_2` FOREIGN KEY (`aco_id`) REFERENCES `be_acl_resources` (`id`) ON DELETE CASCADE;

--
-- Constraints for table `be_acl_permission_actions`
--
ALTER TABLE `be_acl_permission_actions`
  ADD CONSTRAINT `be_acl_permission_actions_ibfk_1` FOREIGN KEY (`access_id`) REFERENCES `be_acl_permissions` (`id`) ON DELETE CASCADE,
  ADD CONSTRAINT `be_acl_permission_actions_ibfk_2` FOREIGN KEY (`axo_id`) REFERENCES `be_acl_actions` (`id`) ON DELETE CASCADE;

--
-- Constraints for table `be_groups`
--
ALTER TABLE `be_groups`
  ADD CONSTRAINT `be_groups_ibfk_1` FOREIGN KEY (`id`) REFERENCES `be_acl_groups` (`id`) ON DELETE CASCADE;

--
-- Constraints for table `be_resources`
--
ALTER TABLE `be_resources`
  ADD CONSTRAINT `be_resources_ibfk_1` FOREIGN KEY (`id`) REFERENCES `be_acl_resources` (`id`) ON DELETE CASCADE;

--
-- Constraints for table `be_users`
--
ALTER TABLE `be_users`
  ADD CONSTRAINT `be_users_ibfk_1` FOREIGN KEY (`group`) REFERENCES `be_acl_groups` (`id`) ON DELETE SET NULL;

--
-- Constraints for table `be_user_profiles`
--
ALTER TABLE `be_user_profiles`
  ADD CONSTRAINT `be_user_profiles_ibfk_1` FOREIGN KEY (`user_id`) REFERENCES `be_users` (`id`) ON DELETE CASCADE;
